{
	"format_version": "1.12.0",
	"minecraft:geometry": [
		{
			"description": {
				"identifier": "geometry.iceber",
				"texture_width": 64,
				"texture_height": 64,
				"visible_bounds_width": 3,
				"visible_bounds_height": 3.5,
				"visible_bounds_offset": [0, 1.25, 0]
			},
			"bones": [
				{
					"name": "Head",
					"pivot": [0, 24, 0],
					"cubes": [
						{"origin": [-4, 24, -4], "size": [8, 8, 8], "uv": [0, 0]},
						{"origin": [-4, 24, -4], "size": [8, 8, 8], "inflate": 0.5, "uv": [32, 0]}
					]
				},
				{
					"name": "bone",
					"parent": "Head",
					"pivot": [-2, 26, -4],
					"cubes": [
						{"origin": [-2.1, 26, -4.1], "size": [1, 1, 0], "uv": [0, 0]}
					]
				},
				{
					"name": "bone4",
					"parent": "Head",
					"pivot": [-2, 28, -4],
					"cubes": [
						{"origin": [-3, 27, -4.1], "size": [2, 1, 0], "uv": [0, 3]}
					]
				},
				{
					"name": "katana",
					"pivot": [0, 24, 0],
					"cubes": [
						{"origin": [1.5, 12, 2], "size": [2, 15, 1], "pivot": [0, 22, 3], "rotation": [0, 0, 42.5], "uv": [56, 16]},
						{"origin": [1, 27, 1], "size": [3, 1, 3], "pivot": [0, 22, 3], "rotation": [0, 0, 42.5], "uv": [52, 32]},
						{"origin": [2, 28, 2], "size": [1, 7, 1], "pivot": [0, 22, 3], "rotation": [0, 0, 42.5], "uv": [60, 36]}
					]
				},
				{
					"name": "palace",
					"pivot": [0, 0, 0],
					"cubes": [
						{"origin": [-4, 3, 2], "size": [8, 9, 0], "inflate": 0.25, "pivot": [0, 12, 2], "rotation": [2.5, 0, 0], "uv": [4, 36]}
					]
				},
				{
					"name": "bone3",
					"parent": "palace",
					"pivot": [4, 12, 0],
					"rotation": [0, 0, -2.5],
					"cubes": [
						{"origin": [2, 3, -2], "size": [2, 9, 0], "inflate": 0.25, "uv": [0, 52]},
						{"origin": [4, 3, -2], "size": [0, 9, 4], "inflate": 0.25, "uv": [8, 48]}
					]
				},
				{
					"name": "bone2",
					"parent": "palace",
					"pivot": [-4, 12, 0],
					"rotation": [0, 0, 2.5],
					"cubes": [
						{"origin": [-4, 3, -2], "size": [0, 9, 4], "inflate": 0.25, "uv": [8, 48]},
						{"origin": [-4, 3, -2], "size": [2, 9, 0], "inflate": 0.25, "uv": [4, 52]}
					]
				},
				{
					"name": "Body",
					"pivot": [0, 24, 0],
					"cubes": [
						{"origin": [-4, 12, -2], "size": [8, 12, 4], "uv": [16, 16]},
						{"origin": [-4, 12, -2], "size": [8, 12, 4], "inflate": 0.25, "uv": [16, 32]}
					]
				},
				{
					"name": "RightArm",
					"pivot": [-5, 22, 0],
					"cubes": [
						{"origin": [-8, 12, -2], "size": [4, 12, 4], "uv": [40, 16]},
						{"origin": [-8, 12, -2], "size": [4, 12, 4], "inflate": 0.25, "uv": [40, 32]}
					]
				},
				{
					"name": "LeftArm",
					"pivot": [5, 22, 0],
					"cubes": [
						{"origin": [4, 12, -2], "size": [4, 12, 4], "uv": [32, 48]},
						{"origin": [4, 12, -2], "size": [4, 12, 4], "inflate": 0.25, "uv": [48, 48]}
					]
				},
				{
					"name": "RightLeg",
					"pivot": [-1.9, 12, 0],
					"cubes": [
						{"origin": [-3.9, 0, -2], "size": [4, 12, 4], "uv": [0, 16]},
						{"origin": [-3.9, 0, -2], "size": [4, 2, 4], "inflate": 0.25, "uv": [0, 46]}
					]
				},
				{
					"name": "LeftLeg",
					"pivot": [1.9, 12, 0],
					"cubes": [
						{"origin": [-0.1, 0, -2], "size": [4, 12, 4], "uv": [16, 48]},
						{"origin": [-0.1, 0, -2], "size": [4, 2, 4], "inflate": 0.25, "uv": [0, 58]}
					]
				}
			]
		}
	]
}