{
	"format_version": "1.12.0",
	"minecraft:geometry": [
		{
			"description": {
				"identifier": "geometry.portal",
				"texture_width": 128,
				"texture_height": 128,
				"visible_bounds_width": 5,
				"visible_bounds_height": 4.5,
				"visible_bounds_offset": [0, 1.75, 0]
			},
			"bones": [
				{
					"name": "group2",
					"pivot": [0, 0, -1],
					"rotation": [180.00042, 0, 0],
					"cubes": [
						{"origin": [-24, -3, -2], "size": [48, 3, 2], "uv": [0, 8]},
						{"origin": [-25, -5, -3], "size": [50, 2, 4], "uv": [0, 16]},
						{"origin": [-24, -10, -1], "size": [48, 5, 0], "uv": [0, 0]}
					]
				},
				{
					"name": "group3",
					"pivot": [0, 51, -1],
					"cubes": [
						{"origin": [-24, 48, -2], "size": [48, 3, 2], "uv": [0, 8]},
						{"origin": [-25, 46, -3], "size": [50, 2, 4], "uv": [0, 16]},
						{"origin": [-24, 41, -1], "size": [48, 5, 0], "uv": [0, 0]}
					]
				}
			]
		}
	]
}