{
	"format_version": "1.12.0",
	"minecraft:geometry": [
		{
			"description": {
				"identifier": "geometry.unknown",
				"texture_width": 64,
				"texture_height": 90,
				"visible_bounds_width": 3,
				"visible_bounds_height": 3.5,
				"visible_bounds_offset": [0, 1.25, 0]
			},
			"bones": [
				{
					"name": "Head",
					"pivot": [0, 24, 0],
					"cubes": [
						{"origin": [-4, 24, -4], "size": [8, 8, 8], "uv": [0, 0]},
						{"origin": [-4, 24, -4], "size": [8, 8, 8], "inflate": 0.5, "uv": [32, 0]}
					]
				},
				{
					"name": "Hat",
					"parent": "Head",
					"pivot": [0, 22, 0],
					"cubes": [
						{"origin": [-5, 30, -5], "size": [10, 1, 10], "uv": [0, 64]},
						{"origin": [-4.1, 31, -4.1], "size": [8.2, 1.1, 8.2], "uv": [0, 76]},
						{"origin": [-3, 32, -3], "size": [2.7, 1, 6], "uv": [12, 65]},
						{"origin": [0.3, 32, -3], "size": [2.7, 1, 6], "uv": [11, 65]},
						{"origin": [3, 30.5, -1], "size": [0, 3, 7], "pivot": [3, 32, -1], "rotation": [26.05573, 15.81499, 7.59001], "uv": [32, 59]}
					]
				},
				{
					"name": "RightBrown",
					"parent": "Head",
					"pivot": [0, 25, 0],
					"cubes": [
						{"origin": [-3, 27, -4.1], "size": [2, 1, 0], "uv": [0, 1]}
					]
				},
				{
					"name": "RighrEye",
					"parent": "Head",
					"pivot": [0, 24, 0],
					"cubes": [
						{"origin": [-2.1, 26, -4.1], "size": [1, 1, 0], "uv": [0, 0]}
					]
				},
				{
					"name": "LeftBrown",
					"parent": "Head",
					"pivot": [4, 25, 0],
					"cubes": [
						{"origin": [1, 27, -4.1], "size": [2, 1, 0], "uv": [0, 1]}
					]
				},
				{
					"name": "Lefteye",
					"parent": "Head",
					"pivot": [3, 24, 0],
					"cubes": [
						{"origin": [1.1, 26, -4.1], "size": [1, 1, 0], "uv": [0, 0]}
					]
				},
				{
					"name": "Body",
					"pivot": [0, 24, 0],
					"cubes": [
						{"origin": [-4, 12, -2], "size": [8, 12, 4], "uv": [16, 16]},
						{"origin": [-4, 12, -2], "size": [8, 12, 4], "inflate": 0.25, "uv": [16, 32]}
					]
				},
				{
					"name": "RightArm",
					"pivot": [-5, 22, 0],
					"cubes": [
						{"origin": [-8, 12, -2], "size": [4, 12, 4], "uv": [40, 16]},
						{"origin": [-8, 12, -2], "size": [4, 12, 4], "inflate": 0.25, "uv": [40, 32]}
					]
				},
				{
					"name": "LeftArm",
					"pivot": [5, 22, 0],
					"cubes": [
						{"origin": [4, 12, -2], "size": [4, 12, 4], "uv": [32, 48]},
						{"origin": [4, 12, -2], "size": [4, 12, 4], "inflate": 0.25, "uv": [48, 48]}
					]
				},
				{
					"name": "RightLeg",
					"pivot": [-1.9, 12, 0],
					"cubes": [
						{"origin": [-3.9, 0, -2], "size": [4, 12, 4], "uv": [0, 16]},
						{"origin": [-3.9, 0, -2], "size": [4, 12, 4], "inflate": 0.25, "uv": [0, 32]}
					]
				},
				{
					"name": "LeftLeg",
					"pivot": [1.9, 12, 0],
					"cubes": [
						{"origin": [-0.1, 0, -2], "size": [4, 12, 4], "uv": [16, 48]},
						{"origin": [-0.1, 0, -2], "size": [4, 12, 4], "inflate": 0.25, "uv": [0, 48]}
					]
				}
			]
		}
	]
}