{
  "_fv": 43,
  "_type": "recipe",
  "definition": {
    "recipeType": "Smithing",
    "recipeRetstackSize": 1,
    "group": "",
    "cookingBookCategory": "MISC",
    "xpReward": 0.0,
    "cookingTime": 200,
    "craftingBookCategory": "MISC",
    "recipeShapeless": false,
    "smithingInputStack": {
      "value": "CUSTOM:Magicsticklvl2"
    },
    "smithingInputAdditionStack": {
      "value": "Items.DRAGON_BREATH"
    },
    "smithingReturnStack": {
      "value": "CUSTOM:Magicsticklvl3"
    },
    "name": "craftmagicsticklvl_3",
    "namespace": "mod"
  }
}