{
  "_fv": 43,
  "_type": "recipe",
  "definition": {
    "recipeType": "Smithing",
    "recipeRetstackSize": 1,
    "group": "",
    "cookingBookCategory": "MISC",
    "xpReward": 0.0,
    "cookingTime": 200,
    "craftingBookCategory": "MISC",
    "recipeShapeless": false,
    "smithingInputStack": {
      "value": "CUSTOM:Magicsticklvl1"
    },
    "smithingInputAdditionStack": {
      "value": "Blocks.SKULL#1"
    },
    "smithingReturnStack": {
      "value": "CUSTOM:Magicsticklvl2"
    },
    "name": "craftmagicsticklvl_2",
    "namespace": "mod"
  }
}