{
  "format_version": "1.8.0",
  "animations": {
    "animation.portal.new": {
      "animation_length": 1.33333,
      "bones": {
        "group2": {
          "position": {
            "0.0": {
              "vector": [
                0,
                23,
                0
              ]
            },
            "0.0833": {
              "vector": [
                0,
                21,
                0
              ]
            },
            "0.1667": {
              "vector": [
                0,
                19,
                0
              ]
            },
            "0.25": {
              "vector": [
                0,
                17,
                0
              ]
            },
            "0.3333": {
              "vector": [
                0,
                15,
                0
              ]
            },
            "0.4583": {
              "vector": [
                0,
                13,
                0
              ]
            },
            "0.5417": {
              "vector": [
                0,
                11,
                0
              ]
            },
            "0.625": {
              "vector": [
                0,
                9,
                0
              ]
            },
            "0.75": {
              "vector": [
                0,
                7,
                0
              ]
            },
            "0.875": {
              "vector": [
                0,
                5,
                0
              ]
            },
            "1.0": {
              "vector": [
                0,
                2,
                0
              ]
            },
            "1.125": {
              "vector": [
                0,
                0,
                0
              ],
              "easing": "easeInBack"
            }
          }
        },
        "group3": {
          "position": {
            "0.0": {
              "vector": [
                0,
                -18,
                0
              ]
            },
            "0.125": {
              "vector": [
                0,
                -16,
                0
              ]
            },
            "0.25": {
              "vector": [
                0,
                -14,
                0
              ]
            },
            "0.375": {
              "vector": [
                0,
                -12,
                0
              ]
            },
            "0.5": {
              "vector": [
                0,
                -10,
                0
              ]
            },
            "0.625": {
              "vector": [
                0,
                -8,
                0
              ]
            },
            "0.75": {
              "vector": [
                0,
                -6,
                0
              ]
            },
            "0.875": {
              "vector": [
                0,
                -4,
                0
              ]
            },
            "1.0": {
              "vector": [
                0,
                -2,
                0
              ]
            },
            "1.125": {
              "vector": [
                0,
                0,
                0
              ]
            }
          }
        }
      }
    }
  }
}