{
	"format_version": "1.8.0",
	"animations": {
		"shock": {
			"loop": "hold_on_last_frame",
			"bones": {
				"bone": {
					"position": [-0.3, 0, 0]
				},
				"bone4": {
					"rotation": [0, 0, -10],
					"position": [-0.1, 0.3, 0]
				}
			}
		},
		"angry": {
			"loop": "hold_on_last_frame",
			"animation_length": 0.04167,
			"bones": {
				"bone4": {
					"rotation": [-0.64743, -2.41476, 15.01365],
					"position": [0.4, 0.3, 0]
				}
			}
		},
		"cute": {
			"loop": "hold_on_last_frame",
			"bones": {
				"bone4": {
					"rotation": [0, 0, -7.5],
					"position": [0, 0.5, 0]
				}
			}
		},
		"shyness": {
			"loop": "hold_on_last_frame",
			"bones": {
				"bone": {
					"position": [-1, 0, 0]
				}
			}
		},
		"normal": {
			"loop": "hold_on_last_frame"
		}
	},
	"geckolib_format_version": 2,
	"azurelib_format_version": 2
}