{
	"format_version": "1.8.0",
	"animations": {
		"idle": {
			"loop": true,
			"animation_length": 2.33333,
			"bones": {
				"group2": {
					"position": {
						"0.0": [0, 0, 0],
						"0.5833": [0, 1, 0],
						"1.1667": [0, 0, 0],
						"1.75": [0, 1, 0],
						"2.3333": [0, 0.2, 0]
					}
				},
				"group3": {
					"position": {
						"0.0": [0, 0, 0],
						"0.5833": [0, -1, 0],
						"1.1667": [0, 0, 0],
						"1.75": [0, -1, 0],
						"2.3333": [0, -0.2, 0]
					}
				}
			}
		},
		"spawn": {
			"loop": "hold_on_last_frame",
			"animation_length": 2.5,
			"bones": {
				"group2": {
					"position": {
						"0.0": [0, 21, 0],
						"0.25": [0, 17, 0],
						"0.5": [0, 14, 0],
						"0.75": [0, 12, 0],
						"1.0": [0, 10, 0],
						"1.25": [0, 8, 0],
						"1.5": [0, 6, 0],
						"1.75": [0, 4, 0],
						"2.0": [0, 2, 0],
						"2.25": [0, 0, 0]
					}
				},
				"group3": {
					"position": {
						"0.0": [0, -20, 0],
						"0.25": [0, -17, 0],
						"0.5": [0, -14, 0],
						"0.75": [0, -12, 0],
						"1.0": [0, -10, 0],
						"1.25": [0, -8, 0],
						"1.5": [0, -6, 0],
						"1.75": [0, -4, 0],
						"2.0": [0, -2, 0],
						"2.25": [0, 0, 0]
					}
				}
			}
		},
		"close": {
			"loop": "hold_on_last_frame",
			"animation_length": 2.33333,
			"bones": {
				"group2": {
					"position": {
						"0.0": [0, 0, 0],
						"0.25": [0, 2, 0],
						"0.5": [0, 4, 0],
						"0.75": [0, 6, 0],
						"1.0": [0, 8, 0],
						"1.25": [0, 10, 0],
						"1.5": [0, 12, 0],
						"1.75": [0, 14, 0],
						"2.0": [0, 17, 0],
						"2.2917": [0, 21, 0]
					}
				},
				"group3": {
					"position": {
						"0.0": [0, 0, 0],
						"0.25": [0, -2, 0],
						"0.5": [0, -4, 0],
						"0.75": [0, -6, 0],
						"1.0": [0, -8, 0],
						"1.25": [0, -10, 0],
						"1.5": [0, -12, 0],
						"1.75": [0, -14, 0],
						"2.0": [0, -17, 0],
						"2.2917": [0, -20, 0]
					}
				}
			}
		}
	}
}