{
	"format_version": "1.8.0",
	"animations": {
		"what": {
			"loop": "hold_on_last_frame",
			"bones": {
				"RighrEye": {
					"position": {
						"vector": {
							"vector": [-0.4, 0, 0]
						}
					}
				},
				"Lefteye": {
					"position": {
						"vector": {
							"vector": [0.4, 0, 0]
						}
					}
				},
				"RightBrown": {
					"rotation": {
						"vector": {
							"vector": [0, 0, -12.5]
						}
					},
					"position": {
						"vector": {
							"vector": [-0.4, 0.5, 0]
						}
					}
				},
				"LeftBrown": {
					"position": {
						"vector": {
							"vector": [0, 0.4, 0]
						}
					}
				}
			}
		},
		"angry": {
			"loop": "hold_on_last_frame",
			"bones": {
				"RightBrown": {
					"rotation": {
						"vector": {
							"vector": [0, 0, 12.5]
						}
					},
					"position": {
						"vector": {
							"vector": [0.1, 0.2, 0]
						}
					}
				},
				"LeftBrown": {
					"rotation": {
						"vector": {
							"vector": [0, 0, -17.5]
						}
					},
					"position": {
						"vector": {
							"vector": [0.2, 0.3, 0]
						}
					}
				}
			}
		},
		"sad": {
			"loop": "hold_on_last_frame",
			"bones": {
				"RightBrown": {
					"rotation": {
						"vector": {
							"vector": [0, 0, -15]
						}
					},
					"position": {
						"vector": {
							"vector": [-0.2, 0.3, 0]
						}
					}
				},
				"LeftBrown": {
					"rotation": {
						"vector": {
							"vector": [0, 0, 12.5]
						}
					},
					"position": {
						"vector": {
							"vector": [0, 0.3, 0]
						}
					}
				}
			}
		},
		"normak": {
			"loop": "hold_on_last_frame"
		},
		"nelovko": {
			"loop": "hold_on_last_frame",
			"bones": {
				"RighrEye": {
					"position": {
						"vector": {
							"vector": [-1, 0, 0]
						}
					}
				}
			}
		}
	},
	"geckolib_format_version": 2,
	"azurelib_format_version": 2
}