{
  "_fv": 34,
  "_type": "gui",
  "definition": {
    "type": 0,
    "width": 176,
    "height": 166,
    "inventoryOffsetX": 0,
    "inventoryOffsetY": 0,
    "renderBgLayer": false,
    "doesPauseGame": false,
    "components": [
      {
        "type": "image",
        "data": {
          "image": "gui_portal_choice.png",
          "use1Xscale": false,
          "name": "gui_portal_choice.png",
          "x": 57,
          "y": 15
        }
      },
      {
        "type": "image",
        "data": {
          "image": "overworld_icon.png",
          "use1Xscale": false,
          "name": "overworld_icon.png",
          "x": 82,
          "y": 29
        }
      },
      {
        "type": "image",
        "data": {
          "image": "nether_icon.png",
          "use1Xscale": false,
          "name": "nether_icon.png",
          "x": 182,
          "y": 29
        }
      },
      {
        "type": "button",
        "data": {
          "text": "Вернуться",
          "onClick": {
            "name": "Spawnportalinoverworld"
          },
          "width": 70,
          "height": 20,
          "name": "Вернуться",
          "x": 72,
          "y": 172
        }
      },
      {
        "type": "button",
        "data": {
          "text": "Незер",
          "onClick": {
            "name": "Spawnportalinnether"
          },
          "width": 50,
          "height": 20,
          "name": "Незер",
          "x": 181,
          "y": 172
        }
      },
      {
        "type": "button",
        "data": {
          "text": "Закрыто",
          "width": 45,
          "height": 20,
          "name": "Закрыто",
          "x": 285,
          "y": 172
        }
      },
      {
        "type": "image",
        "data": {
          "image": "end_icon_lock.png",
          "use1Xscale": false,
          "name": "end_icon_lock.png",
          "x": 284,
          "y": 29
        }
      }
    ],
    "gridSettings": {
      "sx": 18,
      "sy": 18,
      "ox": 11,
      "oy": 15,
      "snapOnGrid": false
    }
  }
}