{
  "_fv": 34,
  "_type": "tool",
  "definition": {
    "renderType": 0,
    "texture": "magic_stick_lvl_2",
    "customModelName": "Normal",
    "name": "§6Палочка",
    "specialInfo": [],
    "creativeTab": {
      "value": "TOOLS"
    },
    "toolType": "Sword",
    "harvestLevel": 1,
    "efficiency": 0.0,
    "attackSpeed": 1.0,
    "enchantability": 2,
    "damageVsEntity": 0.0,
    "usageCount": 10,
    "blocksAffected": [],
    "hasGlow": false,
    "repairItems": [
      {
        "value": "Items.BLAZE_POWDER"
      }
    ],
    "immuneToFire": true,
    "stayInGridWhenCrafting": false,
    "damageOnCrafting": false,
    "onRightClickedInAir": {
      "name": "Openguilvl2"
    }
  }
}